Distance,X,Y,Speed,Throttle,Brake,nGear,RPM,Time
0.024948068971583345,-1754.660152761549,1211.6900807483846,246.53999616,100.0,False,6,11320.50984704,0.0
12.769999999999998,-1677.8891644984733,1313.0302363203032,252.0,100.0,False,6,11538.0,0.182
13.895306814832992,-1671.0,1322.0,252.3,100.0,False,6,11552.2,0.198
22.382162230544576,-1619.0,1389.0,254.55,100.0,False,6,11658.7,0.318
24.10333333333333,-1608.7438324661705,1402.020788382866,255.0,100.0,False,6,11680.0,0.342
41.769999999999996,-1500.8779490294105,1536.7674535186557,265.0,100.0,False,6,11762.0,0.582
42.96391080262031,-1492.0,1548.0,265.4,100.0,False,6,11703.466666666667,0.598
56.49345132487458,-1382.0,1689.0,269.9,100.0,False,6,11044.966666666667,0.778
59.83666666666666,-1358.6004837110702,1719.5193481011734,271.0,100.0,False,7,10884.0,0.822
90.52362353071068,-1209.0,1923.0,278.92,100.0,False,7,11046.36,1.218
90.83666666666666,-1207.3510494051761,1925.2494775234231,279.0,100.0,False,7,11048.0,1.222
99.93158182771268,-1154.0,1998.0,280.9253117146056,100.0,False,7,11146.672225373537,1.338
109.78194444444445,-1073.5991031387773,2108.91847113809,283.0,100.0,False,7,11253.0,1.463
122.08959560540745,-968.0,2255.0,285.2142866285714,100.0,False,7,11342.1250368,1.618
132.10416666666669,-907.0970032116693,2338.48214742555,287.0,100.0,False,7,11414.0,1.743
154.73416666666665,-803.9028083414817,2479.062790989528,292.0,100.0,False,7,11577.0,2.022
156.0368972617578,-796.0,2490.0,292.16,100.0,False,7,11583.08,2.038
171.0675,-686.5584189961173,2642.661432776274,294.0,100.0,False,7,11653.0,2.222
180.65540590342673,-615.0,2744.0,295.74,100.0,False,7,11700.85,2.338
204.4008333333333,-467.0550353891092,2960.3854158285703,300.0,100.0,False,7,11818.0,2.622
224.19701683933698,-381.0,3090.0,301.96666666666664,100.0,False,7,11030.35,2.858
224.53416666666666,-379.87962660111793,3091.6979626204948,302.0,100.0,False,7,11017.0,2.862
244.86749999999998,-322.2636837865017,3179.050351520284,305.0,100.0,False,8,10638.0,3.102
251.32492772993606,-287.0,3231.0,305.31666666666666,100.0,False,8,10648.766666666666,3.178
265.2675,-163.83667043108912,3410.573379455974,306.0,100.0,False,8,10672.0,3.342
276.8230813251804,-75.0,3539.0,306.0,100.0,False,8,10696.555555555555,3.478
295.86749999999995,-29.713020034048157,3600.6751265665944,306.0,100.0,False,8,10737.0,3.702
297.23014522745257,-25.0,3607.0,306.1,100.0,False,8,10734.2,3.718
309.5119444444444,42.49202771066677,3698.717360467268,307.0,100.0,False,8,10709.0,3.862
317.72458846855733,97.0,3771.0,307.6,100.0,False,8,10731.8,3.958
323.2008333333333,132.4053959620982,3816.2925041697613,308.0,100.0,False,8,10747.0,4.022
345.04867560134346,271.0,3981.0,307.2,100.0,False,8,10740.6,4.278
350.48972222222216,306.93386355333644,4021.1454777971553,307.0,100.0,False,8,10739.0,4.342
360.3267355298745,380.0,4097.0,305.84,100.0,False,8,10720.44,4.458
367.4341666666666,446.81350442132407,4158.680491103401,305.0,100.0,False,8,10707.0,4.542
382.2907527546727,594.0,4282.0,303.9,100.0,False,8,10660.25,4.718
394.36749999999995,670.4101792184829,4336.695352894043,303.0,100.0,False,8,10622.0,4.862
407.4165335258301,748.0,4376.0,301.21590981818184,100.0,False,8,10563.838660072728,5.019
425.5775276015469,917.0,4445.0,298.71590981818184,100.0,False,8,10482.338660072728,5.239
430.7897222222221,967.5962919668746,4461.071371220607,298.0,100.0,False,8,10459.0,5.302
444.0341666666666,1096.0410027635246,4491.489774571853,298.0,100.0,False,8,10420.0,5.462
445.4353889539769,1110.0,4494.0,297.81111182222224,100.0,False,8,10414.616686933334,5.479
460.1724032376271,1259.0,4513.0,295.81111182222224,100.0,False,8,10357.616686933334,5.659
473.4341666666666,1384.663751034148,4520.709242815847,294.0,100.0,False,8,10306.0,5.822
479.68995486115136,1458.0,4521.0,293.0375008,100.0,False,8,10259.8000384,5.899
486.41194444444443,1555.041391138417,4518.736304730055,292.0,100.0,False,8,10210.0,5.982
494.21884417636977,1669.0,4514.0,290.92222293333333,100.0,False,8,10176.0500224,6.079
515.2119444444444,1839.55850954083,4497.830398525835,288.0,100.0,False,8,10084.0,6.342
530.917493265996,1972.0,4478.0,287.01500032,100.0,False,8,10060.36000768,6.539
531.1563888888888,1974.7702957048218,4477.622984016418,287.0,100.0,False,8,10060.0,6.542
546.738970281527,2177.0,4452.0,286.3,100.0,False,8,10419.1,6.738
553.4008333333333,2238.4969452130163,4445.7415980086125,286.0,100.0,False,8,10573.0,6.822
567.3250799541736,2334.0,4441.0,284.9,100.0,False,8,10969.55,6.998
578.6452777777777,2439.0067412188246,4439.300510608939,284.0,100.0,False,7,11294.0,7.142
593.9056971227458,2601.0,4443.0,281.55,100.0,False,7,11180.6875,7.338
600.1160159357312,2663.0,4448.0,280.55,100.0,False,7,11134.4375,7.418
603.5341666666665,2696.751128458286,4451.739059951299,280.0,100.0,False,7,11109.0,7.462
615.9786111111109,2818.7743379353033,4471.481099656427,280.0,100.0,False,7,11084.0,7.622
617.2243320425795,2831.0,4474.0,280.0,100.0,False,7,11079.44,7.638
631.2246060360037,2968.0,4509.0,280.0,100.0,False,7,11028.14,7.818
631.5341666666665,2970.9798878318975,4509.906698139498,280.0,100.0,False,7,11027.0,7.822
646.9999999999998,3116.369593818303,4562.505887454403,277.0,100.0,False,7,10935.0,8.023
648.1515184091598,3127.0,4567.0,276.9531248,100.0,False,7,10933.4999936,8.038
669.6206260396111,3319.0,4664.0,276.0781248,100.0,False,7,10905.4999936,8.318
671.5333333333331,3335.055056875163,4673.542205282257,276.0,100.0,False,7,10903.0,8.343
680.3213109382456,3410.0,4722.0,275.2812496,100.0,False,7,10867.7812304,8.458
683.7555555555554,3443.116036409245,4745.584785947114,275.0,100.0,False,7,10854.0,8.503
701.6498086034308,3628.0,4891.0,274.46469241517013,100.0,False,7,10818.134391816398,8.738
717.1683333333332,3725.32891551464,4979.061238591683,274.0,100.0,False,7,10787.0,8.942
729.346111111111,3787.828803311255,5042.71321010499,274.0,100.0,False,7,10766.0,9.102
730.5623405664777,3795.0,5050.0,273.95,100.0,False,7,10765.95,9.118
745.7338390264939,3903.0,5159.0,273.325,100.0,False,7,10765.325,9.318
753.6127777777776,3980.6710059867287,5236.0044437117685,273.0,100.0,False,7,10765.0,9.422
765.3614743048637,4097.0,5350.0,271.05,100.0,False,7,10540.75,9.578
765.6572222222221,4099.335523775071,5352.264958012296,271.0,100.0,True,7,10535.0,9.582
782.5905555555553,4186.204004283422,5433.740524885155,254.0,0.0,True,7,9752.0,9.822
788.7409210961546,4221.0,5465.0,243.6,0.0,True,7,9406.933333333332,9.918
798.2082396373127,4297.0,5533.0,226.26666666666665,0.0,True,7,8831.822222222223,10.078
804.0905555555554,4344.709830095127,5574.736969566555,215.0,0.0,True,7,8458.0,10.182
814.8683333333331,4427.296939690066,5644.815693288076,194.0,0.0,True,7,8746.0,10.382
817.6969166958584,4449.0,5663.0,188.68,0.0,True,7,8876.2,10.438
821.584580943576,4479.0,5688.0,181.08,0.0,True,7,9062.2,10.518
824.5905555555554,4502.044572299568,5707.103974792428,175.0,0.0,True,6,9211.0,10.582
830.6995330174276,4551.0,5747.0,163.1,0.0,True,6,9483.85,10.718
831.746111111111,4560.267480898358,5754.377963342628,161.0,0.0,True,5,9532.0,10.742
839.1677308744439,4631.0,5808.0,153.45714285714286,0.0,True,5,10029.828571428572,10.918
843.3349999999998,4668.831580528852,5832.325506332331,149.0,0.0,True,4,10324.0,11.022
852.1795165070014,4743.0,5869.0,138.97,0.0,True,4,9756.42,11.258
855.7836023089922,4776.0,5881.0,134.67750272,0.0,True,4,9513.51515392,11.359
858.0016666666664,4810.786280663515,5888.614996955854,132.0,0.0,True,3,9362.0,11.422
862.0597066832008,4887.0,5901.0,129.34091054545453,0.0,True,3,9193.413728581818,11.539
872.9127777777775,4959.775030387789,5900.585045675709,122.0,0.0,True,3,8728.0,11.862
875.4474300377931,4977.0,5897.0,120.46000128,0.0,True,3,8610.96009728,11.939
879.468333333333,5016.7485601185945,5890.15291556963,118.0,0.0,True,3,8424.0,12.062
881.3266870334678,5036.0,5886.0,117.76250026666666,0.23749973333333335,True,3,8372.7000576,12.119
887.268333333333,5091.099318237277,5867.161911686488,117.0,1.0,False,3,8208.0,12.302
887.8177797618623,5096.0,5865.0,116.85833386666667,1.8499968,False,3,8201.2000256,12.319
894.9349999999996,5157.764052030758,5831.641760807186,115.0,13.0,False,3,8112.0,12.542
895.4632947929933,5162.0,5829.0,114.6812512,13.9031216,False,3,8113.1687456,12.559
904.5328830881208,5233.0,5770.0,109.0562512,29.8406216,False,3,8133.7937456,12.859
904.6238888888885,5233.8942572967535,5769.012321761019,109.0,30.0,False,3,8134.0,12.862
909.4278225936731,5283.0,5710.0,110.17749952,35.8874976,False,3,8248.60995328,13.019
917.0683333333329,5313.634570423164,5660.505005879816,112.0,45.0,False,3,8426.0,13.262
921.4861772924282,5324.0,5633.0,114.16363636363636,48.70909090909091,False,3,8607.436363636363,13.398
926.800651663226,5342.0,5585.0,116.7090909090909,53.07272727272727,False,3,8820.89090909091,13.558
931.6127777777774,5357.034058632558,5533.389660701667,119.0,57.0,False,3,9013.0,13.702
936.9905555555551,5370.461145333256,5473.618428716571,121.0,61.0,False,3,9252.0,13.862
938.90117115558,5374.0,5455.0,122.12,61.84,False,3,9389.2,13.918
943.9349999999996,5380.307212175116,5412.9200034844725,125.0,64.0,False,3,9742.0,14.062
948.1872902497672,5384.0,5378.0,129.64,67.48,False,3,9943.84,14.178
951.3238888888885,5386.613988870664,5348.852553534161,133.0,70.0,False,3,10090.0,14.262
957.368333333333,5391.509324294609,5288.002603863817,136.0,71.0,False,3,10179.0,14.422
957.9876692341585,5392.0,5282.0,136.26556023649732,67.87966722115644,False,3,10158.020741316712,14.438
965.0645236249742,5398.0,5216.0,139.25311289709222,32.7759234591664,False,3,9922.004081129715,14.618
966.7405555555553,5399.961551374832,5199.763879251932,140.0,24.0,True,3,9863.0,14.663
972.7476932872153,5410.0,5138.0,125.12499456,2.9999923200000005,True,3,9388.74982656,14.838
973.5738888888885,5411.799224444635,5129.4970672539275,123.0,0.0,True,3,9321.0,14.863
981.3072222222219,5432.64270551305,5053.306269329871,116.0,0.0,True,3,8915.0,15.103
981.7770069561486,5434.0,5049.0,115.62342945648751,0.0,True,3,8967.908161363504,15.118
986.6873185954372,5452.0,5002.0,111.606694130425,0.0,True,3,9532.259474675287,15.278
988.6099999999997,5465.775660340274,4976.305478291188,110.0,0.0,True,2,9758.0,15.342
993.2135956934856,5506.0,4910.0,107.4,0.0,True,2,9512.3,15.498
995.6766666666664,5519.220140522372,4889.2770678898005,106.0,0.0,False,2,9380.0,15.582
1000.343333333333,5530.135113705864,4875.759036753646,105.0,8.0,False,2,9250.0,15.742
1003.0324164657459,5541.0,4865.0,102.0,8.0,False,2,9161.8,15.838
1004.7877777777774,5551.514512547803,4854.620601086666,100.0,8.0,False,2,9103.0,15.902
1009.5150620386939,5589.0,4819.0,98.0,4.8,False,2,8883.0,16.078
1016.3988888888885,5644.64046144578,4776.20885016329,95.0,0.0,False,2,8553.0,16.342
1016.8115990842305,5648.0,4774.0,94.7,0.0,False,2,8533.6,16.358
1018.3548579514076,5661.0,4766.0,93.575,0.0,False,2,8460.85,16.418
1020.4877777777773,5683.854230046565,4754.96949845845,92.0,0.0,False,2,8359.0,16.502
1026.2601047605065,5760.0,4730.0,88.62857142857143,0.0,False,2,8062.314285714286,16.738
1027.3322222222218,5770.495028292375,4727.846369655624,88.0,0.0,False,2,8007.0,16.782
1031.2433333333329,5796.579784586234,4727.254302538534,88.0,0.0,False,2,7889.0,16.942
1035.0655555555552,5818.025868228018,4734.654049456452,86.0,0.0,False,2,7613.0,17.102
1035.9096744069661,5824.0,4737.0,85.55,4.275,False,2,7659.8,17.138
1038.7988888888885,5847.807646763811,4746.995347300559,84.0,19.0,False,2,7821.0,17.262
1042.5073227218352,5883.0,4766.0,85.3,31.35,False,2,8025.75,17.418
1044.532222222222,5903.321026778316,4780.440798822127,86.0,38.0,False,2,8136.0,17.502
1047.352713748724,5930.0,4802.0,87.24285714285715,42.55714285714286,False,2,8335.271428571428,17.618
1051.454444444444,5957.451607577317,4827.372759805349,89.0,49.0,False,2,8617.0,17.782
1055.0362146406626,5978.0,4849.0,93.76,51.04,False,2,8952.24,17.918
1056.7877777777774,5988.839954075325,4860.754794464577,96.0,52.0,False,2,9110.0,17.982
1061.2783893250876,6017.0,4893.0,99.92499839999999,56.31749824,False,2,9553.91731904,18.139
1067.87274180258,6054.0,4943.0,105.42499839999999,62.36749824,False,2,10175.96731904,18.359
1068.5655555555552,6057.80682355706,4948.614065009293,106.0,63.0,False,2,10241.0,18.382
1072.0972518770357,6077.0,4978.0,107.75499904,66.50999808,False,2,10685.01475712,18.499
1074.6211111111106,6090.172964930943,4998.889739925258,109.0,69.0,False,2,11000.0,18.582
1078.2273553399887,6109.0,5031.0,111.1937488,69.0,False,2,11447.5247552,18.699
1079.5988888888885,6116.355911694307,5044.648824378528,112.0,69.0,False,2,11612.0,18.742
1089.8829828419268,6168.0,5153.0,124.0656224,77.3531232,False,2,11945.1968032,19.039
1090.7099999999996,6171.268191142113,5160.550355579256,125.0,78.0,False,2,11971.0,19.062
1101.1322222222218,6201.637736129873,5240.255857113772,134.0,87.0,False,3,10723.0,19.342
1105.9113541546621,6215.0,5280.0,141.6781208,89.92499839999999,False,3,10765.046852,19.459
1110.2284736668994,6228.0,5320.0,148.2406208,92.42499839999999,False,3,10800.984352,19.559
1114.9099999999996,6241.62058175848,5365.207051119593,155.0,95.0,False,3,10838.0,19.662
1158.0211111111107,6328.313663819756,5794.758341502081,194.0,100.0,False,4,10339.0,20.462
1158.9439012497078,6329.0,5803.0,194.7111111111111,100.0,False,4,10373.622222222222,20.478
1171.7541601930914,6332.0,5925.0,204.48888888888888,100.0,False,4,10849.677777777777,20.698
1179.0211111111107,6325.724586146105,6027.927815167848,210.0,100.0,False,5,11118.0,20.822
1189.4045258909218,6312.0,6173.0,212.626866508057,100.0,False,5,11422.716514934611,20.998
1190.9136111111106,6310.324988541616,6187.052284234313,213.0,100.0,False,5,11466.0,21.023
1208.22338424748,6290.0,6282.0,224.458336,100.0,False,5,11608.0833664,21.298
1213.7136111111106,6277.730557205351,6329.2199954199505,228.0,100.0,False,5,11652.0,21.383
1221.1929040187667,6257.0,6403.0,230.35227403636364,100.0,False,5,11446.829431272727,21.498
1235.6740895782757,6205.0,6537.0,234.85227403636364,100.0,False,5,11054.329431272727,21.718
1242.6802777777773,6164.785977695189,6616.375632267282,237.0,100.0,False,6,10867.0,21.823
1254.4981329560874,6090.0,6749.0,240.8997221794367,100.0,False,6,11060.523713154547,21.998
1267.1122222222216,6035.731907626099,6832.9485318360075,245.0,100.0,False,6,11264.0,22.182
1277.9563632569646,5987.0,6895.0,248.34285714285716,100.0,False,6,11320.271428571428,22.338
1286.634444444444,5933.423645221753,6959.122212892453,251.0,100.0,False,6,11365.0,22.462
1293.3687207010166,5887.0,7011.0,252.02857142857144,100.0,False,6,11488.771428571428,22.558
1306.3899999999996,5793.94648822435,7102.742419666952,254.0,100.0,False,6,11726.0,22.742
1314.7515344968538,5732.0,7158.0,258.35,100.0,False,6,11389.6,22.858
1317.9455555555553,5707.762384324389,7178.816063246389,260.0,100.0,False,6,11262.0,22.902
1329.34570647512,5619.0,7252.0,262.22857142857146,100.0,False,6,10848.042857142857,23.058
1338.4788888888884,5546.383094274231,7309.436305088777,264.0,100.0,False,7,10519.0,23.182
1344.1032800734192,5503.0,7343.0,265.0857142857143,100.0,False,7,10568.128571428571,23.258
1359.0226577199069,5385.0,7433.0,267.9428571428571,100.0,False,7,10697.414285714285,23.458
1359.3233333333328,5381.979065277739,7435.33772916349,268.0,100.0,False,7,10700.0,23.462
1375.6912080876168,5194.0,7583.0,272.5,100.0,False,7,10826.9,23.678
1377.5233333333329,5177.317016623206,7596.303771114471,273.0,100.0,False,7,10841.0,23.702
1395.9899999999993,5077.475160238446,7678.577533949861,277.0,100.0,False,7,10964.0,23.942
1403.4658802949493,5040.0,7710.0,278.5,100.0,False,7,11019.8,24.038
1417.5953539390891,4950.0,7785.0,281.3125,100.0,False,7,11124.425,24.218
1421.056666666666,4925.273453120775,7805.813627722938,282.0,100.0,False,7,11150.0,24.262
1439.6631925842091,4782.0,7928.0,283.6857142857143,100.0,False,7,11246.085714285715,24.498
1443.145555555555,4755.115402481992,7951.125591789549,284.0,100.0,False,7,11264.0,24.542
1454.0212123339327,4674.0,8021.0,285.14166613333333,100.0,False,7,11312.711088355556,24.679
1466.7921178943636,4577.0,8104.0,286.47499946666665,100.0,False,7,11369.599977244445,24.839
1471.845555555555,4516.445259939321,8156.024465550592,287.0,100.0,False,7,11392.0,24.902
1482.8792462694792,4370.0,8282.0,289.5687488,100.0,False,7,11473.343712,25.039
1484.7344444444439,4351.860936144939,8297.57712792301,290.0,100.0,False,7,11487.0,25.062
1504.1344444444437,4271.236409853645,8366.157507074618,291.0,100.0,False,7,11525.0,25.302
1513.652461488257,4222.0,8408.0,292.4624992,100.0,False,7,11570.3374752,25.419
1517.1566666666658,4194.833180649093,8431.177089004783,293.0,100.0,False,7,11587.0,25.462
1533.489999999999,4025.6126501979634,8575.964315942945,294.0,100.0,False,7,11612.0,25.662
1538.1664341193189,3986.0,8610.0,294.56999936,100.0,False,7,11629.38498048,25.719
1549.9344444444434,3919.0505123448406,8667.954188287064,296.0,100.0,False,7,11673.0,25.862
1561.226867105095,3862.0,8718.0,296.4281248,100.0,False,7,11702.1124864,25.999
1576.3344444444435,3748.9427121778317,8817.378302249152,297.0,100.0,False,7,11741.0,26.182
1577.7391867361082,3738.0,8827.0,297.0472220444444,100.0,False,7,11741.472220444444,26.199
1606.1344444444437,3525.0101644855577,9014.214563077328,298.0,100.0,False,7,11751.0,26.542
1607.4618870221188,3515.0,9023.0,298.06666666666666,100.0,False,7,11754.6,26.558
1622.4116410209754,3402.0,9122.0,298.81666666666666,100.0,False,7,11795.1,26.738
1626.0677777777769,3375.2546750159754,9145.337648160788,299.0,100.0,False,7,11805.0,26.782
1642.3562647730269,3252.0,9253.0,299.0,100.0,False,7,11759.81111111111,26.978
1655.9677777777767,3121.5532802758944,9368.523566252776,299.0,100.0,False,7,11722.0,27.142
1660.6083149226008,3078.0,9407.0,298.825,100.0,False,7,11725.15,27.198
1682.4566666666656,2905.5690809992934,9557.301513788947,298.0,100.0,False,7,11740.0,27.462
1692.063725916338,2840.0,9614.0,298.0,100.0,False,7,11721.836294795456,27.578
1705.717222222221,2752.8752443091867,9689.34601560157,298.0,100.0,False,7,11696.0,27.743
1718.917222222221,2670.3561363122903,9760.797731720737,297.0,100.0,False,7,11684.0,27.903
1726.7575655049773,2616.0,9808.0,297.0,100.0,False,7,11671.3333248,27.998
1738.7172222222212,2525.416977964181,9886.873889749117,297.0,100.0,False,7,11652.0,28.143
1743.2436071789734,2491.0,9917.0,296.72499968,100.0,False,7,11647.32499456,28.198
1755.1616666666655,2401.6916498422743,9995.766218172794,296.0,100.0,False,7,11635.0,28.343
1759.6844018225975,2362.0,10031.0,296.0,100.0,False,7,11628.94999296,28.398
1771.6061111111098,2236.740974534157,10142.613489790132,296.0,100.0,False,7,11613.0,28.543
1776.1211350943197,2196.0,10179.0,295.7708330666667,100.0,False,7,11572.895786666666,28.598
1791.2727777777766,2116.5850128811253,10250.27223806273,295.0,100.0,False,7,11438.0,28.783
1799.0279751204823,2077.0,10286.0,293.8075308967281,100.0,False,7,11406.20082391275,28.878
1810.658333333332,1992.009555503095,10362.644287414721,292.0,100.0,False,7,11358.0,29.022
1815.1002177879152,1957.0,10394.0,290.1333333333333,100.0,False,7,11292.2,29.078
1832.1745893403347,1826.0,10509.0,282.8,100.0,False,7,11033.7,29.298
1838.6583333333322,1775.680398323851,10551.587225397467,280.0,100.0,False,7,10935.0,29.382
1853.784050122368,1659.0,10647.0,275.7125,48.550000000000004,False,7,10737.1625,29.578
1862.9249999999988,1589.3637582790961,10701.685758768712,273.0,16.0,True,7,10612.0,29.702
1869.6136507068381,1520.0,10748.0,258.0,6.4,True,7,10145.2,29.798
1873.9472222222207,1459.3033741158713,10783.584776660495,248.0,0.0,True,7,9834.0,29.862
1882.944103859084,1321.0,10858.0,241.95555555555555,0.0,True,7,9837.022222222222,29.998
1897.147222222221,1207.600839739985,10910.018130661521,232.0,0.0,True,6,9842.0,30.222
1906.8361111111099,1168.5078093811376,10916.7880791563,218.0,0.0,True,6,9585.0,30.382
1911.3017881439314,1139.0,10923.0,214.2,0.0,True,6,9819.333333333334,30.458
1920.5694444444432,1052.649435205706,10940.682798437701,206.0,0.0,True,5,10325.0,30.622
1921.438961615846,1043.0,10942.0,204.8,0.0,True,5,10281.6,30.638
1933.1027777777765,899.004196521224,10948.888414765812,188.0,0.0,True,5,9674.0,30.862
1933.9212908085117,890.0,10949.0,187.65714285714284,0.45714285714285713,True,5,9750.742857142857,30.878
1947.258333333332,773.3316762275554,10945.852798142938,182.0,8.0,False,4,11017.0,31.142
1948.1003747708917,766.0,10945.0,181.5750016,7.6281264,False,4,10995.8032048,31.159
1961.6398539079773,637.0,10917.0,174.5750016,1.5031264000000002,False,4,10646.6782048,31.439
1962.7249999999988,626.6833009620282,10913.576531171599,174.0,1.0,False,4,10618.0,31.462
1970.947656630473,548.0,10880.0,167.80500224,2.76999936,False,4,10399.40507904,31.639
1972.0027777777766,537.1476612557309,10874.286178670196,167.0,3.0,False,4,10371.0,31.662
1981.058333333332,438.56119406648713,10811.572933879857,163.0,6.0,False,4,10009.0,31.862
1983.5946301784802,414.0,10791.0,161.86000128,7.4249984,False,4,9997.6000128,31.919
1989.8916666666653,363.70283931203335,10735.534193757094,159.0,11.0,False,4,9969.0,32.062
1999.4095292096808,312.0,10655.0,158.0958336,46.2624896,False,4,9978.041664,32.279
2000.4249999999988,307.6596503482545,10648.069198151725,158.0,50.0,False,4,9979.0,32.302
2009.3138888888877,278.51765272471044,10600.121296149964,160.0,54.0,False,4,10046.0,32.502
2016.2790922415625,255.0,10543.0,160.0,59.494997760000004,False,4,10089.95998208,32.659
2018.2027777777764,247.28748574105623,10520.783759903745,160.0,61.0,False,4,10102.0,32.702
2029.0125560206634,204.0,10371.0,163.2318173090909,68.00227083636364,False,4,10402.020373527273,32.939
2038.4916666666654,191.15667370075667,10271.34529446301,166.0,74.0,False,4,10659.0,33.142
2047.799315441631,190.0,10198.0,170.2,92.2,False,4,10840.3,33.338
2051.8694444444427,189.04201532193906,10170.359547833683,172.0,100.0,False,4,10918.0,33.422
2059.7361111111095,186.3458352837999,10115.681999565686,177.0,100.0,False,4,11039.0,33.582
2060.516413902075,186.0,10109.0,176.75,95.0,False,4,11014.05,33.598
2070.1001423310095,180.0,10010.0,173.625,32.5,False,4,10702.175,33.798
2075.0249999999983,174.73251940342297,9957.186637920555,172.0,0.0,True,4,10540.0,33.902
2086.0444052187763,158.0,9853.0,168.06666666666666,0.9833333333333334,True,4,10004.083333333334,34.138
2086.2249999999985,157.68365051553198,9851.648442866888,168.0,1.0,True,4,9995.0,34.142
2093.057706065085,143.0,9804.0,159.58506000599104,2.2946061529244557,True,4,10096.62658300457,34.298
2096.6013888888874,130.38541274560805,9770.84984849102,155.0,3.0,True,4,10152.0,34.383
2097.213294428866,128.0,9765.0,154.02499584,3.0,True,4,10156.80002048,34.398
2104.490277777776,94.86908679310127,9699.009180453591,142.0,3.0,True,3,10216.0,34.583
2105.8372323684735,86.0,9686.0,141.1249984,3.17500032,True,3,10159.9998976,34.618
2112.1013888888874,28.80993622938229,9618.245689614349,137.0,4.0,True,3,9896.0,34.783
2118.0569444444427,-30.44376883771903,9558.315704233048,134.0,5.0,True,3,9654.0,34.943
2119.343458531162,-40.0,9549.0,133.4166656,5.2916672,True,3,9585.458208,34.978
2126.723611111109,-71.8231774797068,9521.514855366015,130.0,7.0,True,3,9184.0,35.183
2132.0487779007194,-105.0,9505.0,125.4791648,7.6458336,True,3,9997.750336,35.338
2134.9236111111095,-137.2124874991225,9489.761991092053,123.0,8.0,False,2,10444.0,35.423
2140.14248066043,-204.0,9460.0,121.44221091305779,9.557789086942204,False,2,10739.97992651902,35.578
2141.6122222222207,-218.7480226017289,9454.326905184034,121.0,10.0,False,2,10824.0,35.622
2146.9011111111095,-255.59246820367383,9444.692849223286,119.0,11.0,False,2,10610.0,35.782
2151.9724903105107,-292.0,9442.0,117.05,13.925,False,2,10529.075,35.938
2152.1011111111097,-293.1388239274967,9441.941632418037,117.0,14.0,False,2,10527.0,35.942
2157.0592814712877,-343.0,9441.0,115.05,22.450000000000003,False,2,10401.55,36.098
2159.7011111111096,-369.49643369530537,9443.275474744822,114.0,27.0,False,2,10334.0,36.182
2163.9599403749426,-410.0,9451.0,113.32,37.88,False,2,10510.8,36.318
2165.9788888888875,-428.0193352035186,9455.909938005467,113.0,43.0,False,2,10594.0,36.382
2175.557533551295,-514.0,9498.0,116.08333333333333,49.166666666666664,False,2,10896.166666666666,36.678
2181.576787225701,-582.0,9551.0,117.95833333333333,52.91666666666667,False,2,11079.916666666666,36.858
2181.712222222221,-583.4078935376194,9552.29066541678,118.0,53.0,False,2,11084.0,36.862
2188.545555555554,-642.6907074668104,9620.170943938874,123.0,57.0,False,2,11514.0,37.062
2194.0122222222208,-674.8362349547009,9669.06166802653,123.0,56.0,False,2,11506.0,37.222
2195.9519350916557,-683.0,9682.0,123.93333333333334,57.4,False,2,11146.666666666666,37.278
2202.4788888888875,-699.0431537689917,9710.210480819134,127.0,62.0,False,3,9966.0,37.462
2206.7537827821857,-709.0,9733.0,129.9,64.32,False,3,10034.73,37.578
2217.5825700697897,-746.0,9832.0,136.9249984,69.93999872,False,3,10201.22246208,37.859
2217.7011111111096,-746.3478511482749,9833.147788766068,137.0,70.0,False,3,10203.0,37.862
2227.254336403201,-767.0,9924.0,142.9249984,73.23181730909091,False,3,10815.429380072726,38.099
2234.804248233617,-775.0,9997.0,147.4249984,75.68636276363637,False,3,11280.56574370909,38.279
2235.7899999999986,-775.4694385442228,10006.726600622942,148.0,76.0,False,3,11340.0,38.302
2242.646142572604,-776.0,10074.0,152.70999808,77.9624992,False,3,11462.06745024,38.459
2251.622879621414,-772.0,10163.0,158.70999808,80.4624992,False,3,11617.56745024,38.659
2253.5677777777764,-768.6614975810246,10189.801281904549,160.0,81.0,False,3,11651.0,38.702
2263.53656443826,-742.0,10347.0,165.4249984,84.6166656,False,3,10773.0544256,38.919
2264.634444444443,-739.4411763474569,10360.01522564035,166.0,85.0,False,4,10680.0,38.942
2278.634444444443,-716.5607854690599,10448.958373261841,180.0,100.0,False,4,11605.0,39.222
2282.529303705769,-712.0,10463.0,181.53999872,100.0,False,4,11179.96035328,39.299
2287.649083813563,-706.0,10481.0,183.53999872,100.0,False,4,10627.96035328,39.399
2288.856666666665,-703.9452718658467,10487.07629247839,184.0,100.0,False,4,10501.0,39.422
2306.504807007266,-642.0,10655.0,199.8,100.0,False,4,10869.666666666666,39.738
2309.056666666665,-628.2731643655316,10687.257591121914,202.0,100.0,False,5,10921.0,39.782
2319.4188441250813,-566.0,10824.0,210.06666666666666,100.0,False,5,11157.866666666667,39.958
2323.2566666666653,-544.2931248826401,10868.683911648228,213.0,100.0,False,5,11244.0,40.022
2335.4788888888875,-482.86724210623635,10986.197821444342,220.0,100.0,False,5,11704.0,40.222
2341.418229249882,-459.0,11031.0,222.05714285714285,100.0,False,5,11272.0,40.318
2353.0566666666655,-424.5812624038781,11096.42001206383,226.0,100.0,False,5,10444.0,40.502
2362.0657429130947,-398.0,11144.0,230.40333051046545,100.0,False,5,10627.9334058943,40.638
2431.429166666665,-27.160663067239646,11678.553124632028,261.0,100.0,False,6,11906.0,41.583
2432.5456533056245,-20.0,11687.0,261.3281264,100.0,False,6,11850.1716368,41.598
2450.389325507564,98.0,11817.0,266.5781264,100.0,False,6,10956.9216368,41.838
2455.251388888887,131.6481203055785,11851.241240991505,268.0,100.0,False,6,10715.0,41.903
2462.3940242137505,182.0,11901.0,269.5833344,100.0,False,6,10758.9375296,41.998
2473.3847222222207,260.7121406884124,11977.075994614363,272.0,100.0,False,7,10826.0,42.143
2480.6483467958888,314.0,12026.0,273.9095484109995,100.0,False,7,10897.608065412482,42.238
2488.6413888888874,374.2310806544911,12078.055876086222,276.0,100.0,False,7,10976.0,42.342
2496.0418715731457,431.0,12125.0,276.96,100.0,False,7,11049.44,42.438
2503.7758803156376,491.0,12173.0,277.96,100.0,False,7,11125.94,42.538
2504.085833333332,493.4421384167777,12174.896562962733,278.0,100.0,False,7,11129.0,42.542
2516.5302777777765,594.1545678955085,12249.125944018102,280.0,100.0,False,7,11196.0,42.702
2522.487732360045,643.0,12283.0,281.05555555555554,100.0,False,7,11229.144444444444,42.778
2536.7260497938914,761.0,12359.0,283.55555555555554,100.0,False,7,11307.644444444444,42.958
2545.0302777777765,834.1379908054428,12399.622007825914,285.0,100.0,False,7,11353.0,43.062
2561.141388888888,978.9387026299962,12469.900305521483,290.0,100.0,False,7,11541.0,43.262
2562.435130852791,990.0,12475.0,290.16,100.0,False,7,11540.84,43.278
2577.0376550992833,1124.0,12532.0,291.96,100.0,False,7,11539.04,43.458
2577.3636111111105,1127.9348150138794,12533.50069021141,292.0,100.0,False,7,11539.0,43.462
2593.4228093643433,1354.0,12614.0,293.96,100.0,False,7,11632.59,43.658
2610.252499999999,1471.8422733392065,12653.493676207137,296.0,100.0,False,7,11730.0,43.862
2626.4758787073615,1593.0,12681.0,297.96,100.0,False,7,11820.16,44.058
2626.8080555555543,1597.0690965060223,12681.873984320546,298.0,100.0,False,7,11822.0,44.062
2646.5815737823946,1885.0,12742.0,299.77749952,100.0,False,7,11340.29763008,44.299
2660.252499999999,1959.5032419038582,12755.92850382984,301.0,100.0,False,7,11009.0,44.462
2668.40565675734,2003.0,12762.0,301.8083328,100.0,False,7,10866.7334272,44.559
2680.4524999999985,2122.867624180439,12778.587859101155,303.0,100.0,False,8,10657.0,44.702
2686.9547697824523,2195.0,12788.0,303.4277774222222,100.0,False,8,10685.447198577778,44.779
2710.9524999999985,2433.8279284775626,12814.484715975974,305.0,100.0,False,8,10790.0,45.062
2712.3995789744445,2448.0,12816.0,305.14166613333333,100.0,False,8,10789.645834666666,45.079
2731.1633519440575,2634.0,12836.0,306.97499946666665,100.0,False,8,10785.062501333334,45.299
2731.419166666665,2636.537188748198,12836.26535229446,307.0,100.0,False,8,10785.0,45.302
2751.885833333332,2839.4236195136573,12856.584952617915,307.0,100.0,False,8,10798.0,45.542
2753.339863975228,2854.0,12858.0,307.1214281142857,100.0,False,8,10800.853560685715,45.559
2763.6269303085455,2957.0,12868.0,307.97857097142855,100.0,False,8,10820.996417828572,45.679
2775.919166666665,3075.6944290075817,12880.344153521775,309.0,100.0,False,8,10845.0,45.822
2779.1023799224085,3110.0,12884.0,309.18499968,100.0,False,8,10850.73499008,45.859
2793.141388888887,3289.8506793502934,12903.295400151865,310.0,100.0,False,8,10876.0,46.022
2804.9667180821316,3436.0,12919.0,310.3805553777778,100.0,False,8,10882.088886044445,46.159
2824.241388888887,3595.120595305571,12935.976276355796,311.0,100.0,False,8,10892.0,46.382
2838.0636111111094,3699.489954152752,12947.678807500193,311.0,100.0,False,8,10925.0,46.542
2841.1732269577988,3728.0,12951.0,311.0,100.0,False,8,10910.96,46.578
2844.628261108169,3762.0,12955.0,311.0,100.0,False,8,10895.36,46.618
2855.3413888888867,3889.3531506983786,12970.018930245249,311.0,100.0,False,8,10847.0,46.742
2876.0747222222203,4159.594850008538,13002.337570961306,311.0,100.0,False,8,10819.0,46.982
2877.4523943344716,4173.0,13004.0,310.8666666666667,100.0,False,8,10816.6,46.998
2896.6747222222207,4300.324555887439,13020.861730480465,309.0,100.0,False,8,10783.0,47.222
2904.8974968420616,4360.0,13029.0,308.522387907626,100.0,False,8,10758.641783288926,47.318
2913.8713888888874,4445.922062091717,13040.509003553641,308.0,100.0,False,8,10732.0,47.423
2923.6591797774818,4547.0,13054.0,307.1785709714286,100.0,False,8,10711.464274285714,47.538
2932.148074415131,4631.0,13065.0,306.4642852571429,100.0,False,8,10693.607131428571,47.638
2937.6713888888876,4704.486574749233,13073.632390927043,306.0,100.0,False,8,10682.0,47.703
2951.2713888888875,4928.208724685951,13097.752667223289,306.0,100.0,False,8,10658.0,47.863
2954.235680342516,4969.0,13102.0,305.7083328,100.0,False,8,10654.6458272,47.898
2971.5380555555544,5123.313201206937,13116.957574789625,304.0,100.0,False,8,10635.0,48.103
2991.8047222222212,5228.78738502728,13116.285650520349,304.0,85.0,True,8,10583.0,48.343
2994.733703878716,5252.0,13115.0,303.1249984,83.07499648,True,8,10698.85021184,48.378
3008.415833333332,5384.733763531819,13104.525762816023,299.0,74.0,False,8,11245.0,48.543
3011.291315949374,5413.0,13101.0,298.1249984,72.94999808,False,8,11320.60013824,48.578
3021.087451388764,5509.0,13083.0,295.1249984,69.34999808,False,8,11579.80013824,48.698
3024.7491666666656,5551.892637589786,13071.408312638005,294.0,68.0,False,7,11677.0,48.743
3046.982881716193,5843.0,12968.0,291.0535707428571,67.01785691428572,False,7,11423.607083885714,49.018
3047.382499999999,5846.469457982296,12966.58244934909,291.0,67.0,False,7,11419.0,49.023
3063.1366666666654,5922.453586191101,12927.379727934316,285.0,68.0,False,7,11360.0,49.222
3069.0943899400163,5954.0,12906.0,283.8125,68.0,False,7,11279.4875,49.298
3084.633506453974,6083.0,12816.0,280.6875,68.0,False,7,11067.6125,49.498
3088.025555555554,6110.89960425707,12794.196367728035,280.0,68.0,False,7,11021.0,49.542
3099.986198821454,6201.0,12715.0,276.1,70.925,False,7,10972.25,49.698
3100.2922222222205,6203.19041740921,12712.913090199725,276.0,71.0,False,7,10971.0,49.702
3121.3757295981563,6341.0,12559.0,275.01428571428573,87.75714285714285,False,7,11007.471428571429,49.978
3121.6811111111097,6342.788754693216,12556.548905165673,275.0,88.0,False,7,11008.0,49.982
3133.5904630594373,6408.0,12456.0,275.0,94.68571428571428,False,7,10975.685714285713,50.138
3143.069999999999,6454.392509305995,12371.78240402553,275.0,100.0,False,7,10950.0,50.262
3147.358230685703,6474.0,12333.0,275.2,100.0,False,7,10958.6,50.318
3162.69662995818,6538.0,12192.0,275.9142857142857,100.0,False,7,10989.314285714287,50.518
3164.5366666666655,6545.1230774875,12174.904984567642,276.0,100.0,False,7,10993.0,50.542
3179.562877162234,6599.0,12034.0,276.0,100.0,False,7,11023.38,50.738
3179.8699999999985,6600.017687008234,12031.094787263162,276.0,100.0,False,7,11024.0,50.742
3195.2588888888877,6646.9685915472555,11884.364635084137,277.0,100.0,False,7,10998.0,50.942
3198.1115609697113,6655.0,11857.0,277.18499968,100.0,False,7,11020.75496064,50.979
3210.471082828005,6688.0,11738.0,277.98499968,100.0,False,7,11119.15496064,51.139
3210.7033333333325,6688.602877303121,11735.755864796462,278.0,100.0,False,7,11121.0,51.142
3227.5595182626453,6731.0,11572.0,279.54999954285717,100.0,False,7,11059.775018057142,51.359
3232.48111111111,6742.751655978029,11523.869884472173,280.0,100.0,False,7,11042.0,51.422
3243.2329952491655,6767.0,11421.0,281.14166613333333,100.0,False,7,11088.522894933334,51.559
3262.1986173827454,6807.0,11237.0,283.14166613333333,100.0,False,7,11170.022894933334,51.799
3270.3477777777766,6829.61373961706,11116.31189927223,284.0,100.0,False,7,11205.0,51.902
3283.014444444443,6865.1490761558,10915.512075581424,285.0,100.0,False,7,11253.0,52.062
3284.3624916207414,6868.0,10899.0,285.1062496,100.0,False,7,11257.3562336,52.079
3295.7255555555544,6884.3580571225375,10800.361199847075,286.0,100.0,False,7,11294.0,52.222
3314.66697798628,6898.0,10694.0,287.4812496,100.0,False,7,11333.2531144,52.459
3321.3255555555543,6905.741241361911,10631.093011552759,288.0,100.0,False,7,11347.0,52.542
3338.7847798138414,6930.0,10423.0,289.08499968,100.0,False,7,11387.687488,52.759
3353.5477777777764,6946.913134350734,10246.664226262554,290.0,100.0,False,7,11422.0,52.942
3369.383950308583,6960.0,10086.0,290.44545454545454,100.0,False,7,11444.272727272728,53.138
3389.114444444443,6968.851059899522,9948.714138306726,291.0,100.0,False,7,11472.0,53.382
3392.024842272852,6970.0,9925.0,291.0,100.0,False,7,11472.0,53.418
3402.047777777777,6974.138975288097,9828.06083683287,291.0,100.0,False,7,11472.0,53.542
3409.804776779559,6977.0,9747.0,291.0,100.0,False,7,11472.0,53.638
3424.68111111111,6980.59294241583,9597.194468091904,291.0,100.0,False,7,11472.0,53.822
3437.3274416148315,6983.0,9472.0,291.4859814053047,100.0,False,7,11477.831776863657,53.978
3450.7177777777765,6986.144070914155,9338.27549350313,292.0,100.0,False,7,11484.0,54.143
3453.557188356426,6987.0,9310.0,292.0,100.0,False,7,11484.0,54.178
3466.5344664810095,6992.0,9181.0,292.0,100.0,False,7,11484.0,54.338
3466.939999999999,6992.185291909968,9176.92441520572,292.0,100.0,False,7,11484.0,54.343
3486.4066666666654,7003.174513283814,8982.245893441723,292.0,100.0,False,7,11484.0,54.583
3487.623302075444,7004.0,8971.0,292.0,100.0,False,7,11484.0,54.598
3505.467173366677,7023.0,8795.0,292.0,100.0,False,7,11484.0,54.818
3509.1177777777766,7031.229611460282,8740.365618535026,292.0,100.0,False,7,11484.0,54.863
3520.0716660727826,7062.0,8555.0,292.0,100.0,False,7,11466.562491733333,54.998
3528.5844444444433,7083.115024475638,8442.498508530727,292.0,100.0,False,7,11453.0,55.103
3557.2809600094024,7139.0,8224.0,291.0138887111111,100.0,False,7,11442.152775822222,55.458
3557.684444444443,7139.783356343434,8221.208213470189,291.0,100.0,False,7,11442.0,55.463
3573.795555555554,7171.974374897034,8108.278220110871,290.0,100.0,False,7,11414.0,55.663
3586.191331539393,7203.0,8008.0,288.9407742045341,100.0,False,7,11377.633247689002,55.818
3600.508055610714,7249.0,7872.0,287.71070604673076,100.0,False,7,11335.400907604424,55.998
3608.79361111111,7278.142214452995,7793.873680916608,287.0,100.0,False,7,11311.0,56.102
3618.0522525740316,7312.0,7708.0,287.0,100.0,False,7,11282.0,56.218
3627.9269444444435,7349.202656025509,7616.299814425425,287.0,100.0,False,7,11251.0,56.342
3633.944639765946,7372.0,7560.0,286.15555555555557,100.0,False,7,11230.944444444445,56.418
3654.3535826521074,7446.0,7368.0,283.26666666666665,100.0,False,7,11162.333333333334,56.678
3656.2269444444437,7452.0809872013915,7350.72851000672,283.0,100.0,False,7,11156.0,56.702
3666.812138239099,7484.0,7250.0,281.3,100.0,False,7,11106.133333333333,56.838
3674.8936111111107,7506.466196274115,7158.256295293395,280.0,100.0,False,7,11068.0,56.942
3688.5790201354134,7535.0,7006.0,279.56,100.0,False,7,11000.24,57.118
3705.8936111111107,7540.17868340104,6894.144360320424,279.0,100.0,False,7,10914.0,57.342
3708.6503046566054,7539.0,6873.0,278.25,100.0,False,7,10895.7,57.378
3724.1602777777775,7524.808193557162,6716.529576528831,274.0,100.0,False,7,10792.0,57.582
3725.4479865419385,7523.0,6703.0,273.8785718857143,100.0,False,7,10787.446445714286,57.599
3742.070069589022,7492.0,6535.0,272.3071433142857,100.0,False,7,10728.517874285715,57.819
3745.315833333333,7485.032391952148,6502.679493014162,272.0,100.0,False,7,10717.0,57.862
3790.279564510908,7378.0,6065.0,271.0671876,100.0,False,7,10621.853135199999,58.459
3793.493611111111,7371.125681693766,6035.204313784128,271.0,100.0,False,7,10615.0,58.502
3808.159934519137,7343.0,5891.0,268.04500096,100.0,False,7,10564.76501632,58.699
3808.3824999999997,7342.635086382086,5888.450219072889,268.0,100.0,False,7,10564.0,58.702
3820.2047222222222,7326.1773919944335,5734.0167344471665,266.0,93.0,False,7,10343.0,58.862
3833.098513139721,7317.0,5575.0,262.55833457777777,63.99167715555556,False,7,10198.450052266666,59.039
3846.1047222222223,7320.045226618561,5486.0845196641585,259.0,34.0,False,7,10049.0,59.222
3855.5531695598547,7332.0,5426.0,253.6722247111111,21.061117155555557,False,7,10410.52760888889,59.359
3870.6047222222223,7371.0312656823335,5280.48002123192,245.0,0.0,False,7,10999.0,59.582
3877.067097368779,7395.0,5216.0,243.5,0.3,False,7,10891.3,59.678
3881.102323212722,7412.0,5178.0,242.5625,0.4875,False,7,10823.9875,59.738
3891.938055555556,7462.0048014784425,5078.2625533594755,240.0,1.0,False,6,10640.0,59.902
3892.973902115866,7467.0,5069.0,239.4,0.96,False,6,10641.96,59.918
3916.6926621714665,7595.0,4854.0,225.15,0.010000000000000009,False,6,10688.51,60.298
3916.938055555556,7596.587996307363,4851.266234108765,225.0,0.0,True,6,10689.0,60.302
3928.9078011571632,7673.0,4716.0,221.57855306989376,0.4887781328723204,True,6,10860.072346505312,60.498
3941.2208333333338,7707.134466527756,4649.166090591725,218.0,1.0,False,5,11039.0,60.703
3944.471732971863,7715.0,4630.0,216.76249856,5.1250048,False,5,11026.48748544,60.758
3964.443055555556,7778.549809075572,4425.1572877447525,209.0,31.0,False,5,10948.0,61.103
3966.444513663657,7782.0,4400.0,208.29999872,33.6250048,False,5,10896.3749056,61.138
3975.8319444444446,7785.410287778512,4275.233726667364,205.0,46.0,False,5,10653.0,61.303
3987.1097222222224,7771.479680927145,4137.381494767707,203.0,43.0,False,5,10559.0,61.503
3990.1900300724224,7768.0,4112.0,202.7499997090909,47.500005236363634,False,5,10597.625044945455,61.558
4005.7776065463336,7747.0,4035.0,201.47727243636365,70.40909614545455,False,5,10794.261408581819,61.838
4011.676388888889,7728.608939590988,3983.692123026929,201.0,79.0,False,5,10868.0,61.943
4018.1949003651926,7703.0,3918.0,202.64285805714286,81.8750016,False,5,10966.160768914286,62.058
4027.6208333333334,7661.811925473604,3831.9728940113887,205.0,86.0,False,5,11107.0,62.223
4033.064096131737,7635.0,3785.0,205.95000064,84.57499904,False,5,11129.80001536,62.318
4039.1208333333334,7602.32151212359,3734.1796718028168,207.0,83.0,False,5,11155.0,62.423
4042.322909340451,7584.0,3708.0,208.0344837548371,85.93103730537183,False,5,11225.862137206343,62.478
4051.7558285503005,7526.0,3634.0,211.04388753978432,94.45768136272224,False,5,11432.006296475225,62.638
4057.995,7484.051568699602,3589.0020882547533,213.0,100.0,False,5,11566.0,62.742
4065.059319775765,7433.0,3542.0,216.22222222222223,100.0,False,5,11738.066666666668,62.858
4080.295,7310.542983616839,3453.7199508824406,223.0,100.0,False,5,12100.0,63.102
4083.86784875816,7280.0,3435.0,225.8,100.0,False,5,11855.0,63.158
4090.561666666667,7221.10949544222,3401.509820599385,231.0,100.0,False,5,11400.0,63.262
4095.479819339512,7177.0,3378.0,232.14,100.0,False,5,11133.24,63.338
4103.561666666667,7104.176588910002,3340.9718016666175,234.0,100.0,False,6,10698.0,63.462
4105.925117813363,7083.0,3330.0,234.75,100.0,False,6,10743.3,63.498
4119.495000000001,6963.555989634074,3263.5019992307252,239.0,100.0,False,6,11000.0,63.702
4130.146191254301,6878.0,3207.0,242.9,100.0,False,6,11098.8,63.858
4138.533628200784,6815.0,3157.0,245.9249984,100.0,False,6,11175.4332928,63.979
4144.295000000001,6764.6646947913,3111.098353058569,248.0,100.0,False,6,11228.0,64.062
4156.608306167761,6654.0,3002.0,250.2124992,100.0,False,6,11393.199940266666,64.239
4161.028333333335,6624.334817682865,2972.4396483482733,251.0,100.0,False,6,11452.0,64.302
4182.203717285344,6510.0,2844.0,255.94999893333335,100.0,False,6,11652.4749568,64.599
4186.728333333334,6471.208483857246,2794.041052119137,257.0,100.0,False,6,11695.0,64.662
4198.239444444445,6360.700656969996,2646.720882170299,259.0,100.0,False,6,11415.0,64.822
4200.90611042976,6342.0,2621.0,259.36999936,100.0,False,6,11249.61028608,64.859
4212.739444444445,6296.712699917617,2553.5265642432087,261.0,100.0,False,7,10521.0,65.022
4218.447362070902,6278.0,2522.0,263.5666645333333,100.0,False,7,10575.541621333334,65.099
4230.672777777779,6219.21073704262,2421.275549295405,269.0,100.0,False,7,10691.0,65.262
4242.402402091177,6155.0,2307.0,269.0,100.0,False,7,10691.0,65.419
4242.628333333334,6153.857553139565,2304.8945652555003,269.0,100.0,False,7,10691.0,65.422
4262.337430133125,6064.0,2132.0,274.7111096888889,100.0,False,7,10873.755510044444,65.679
4268.542641714073,6036.0,2078.0,276.48888746666665,100.0,False,7,10930.644398933333,65.759
4270.328333333334,6027.961823212273,2062.2239540050105,277.0,100.0,False,7,10947.0,65.782
4285.8838888888895,5959.095883322786,1921.0890274059122,280.0,100.0,False,7,11040.0,65.982
4291.803182305993,5934.0,1869.0,280.38,100.0,False,7,11087.88,66.058
4301.495000000001,5894.015016445396,1786.431356219067,281.0,100.0,False,7,11166.0,66.182
4305.900811213116,5873.0,1743.0,281.8,100.0,False,7,11181.6,66.238
4323.661666666668,5769.308887498668,1528.057795382772,285.0,100.0,False,7,11244.0,66.462
4324.933689661825,5763.0,1515.0,285.1142857142857,100.0,False,7,11253.028571428571,66.478
4345.98388888889,5696.247737944697,1377.5804571673873,287.0,100.0,False,7,11402.0,66.742
4356.905188996285,5652.0,1285.0,288.45714285714286,100.0,False,7,11449.6,66.878
4368.5394444444455,5580.108230423128,1133.2173223920684,290.0,100.0,False,7,11500.0,67.022
4376.340409607153,5536.0,1040.0,291.19502106423795,100.0,False,7,11521.90871951103,67.118
4388.154166666668,5495.3047029597365,954.2594660132517,293.0,100.0,False,7,11555.0,67.263
4401.17638888889,5465.311754839207,891.5016707909213,293.0,100.0,False,7,11591.0,67.423
4404.032604108253,5456.0,872.0,293.2187504,100.0,False,7,11598.3281384,67.458
4423.7033535944265,5371.0,695.0,294.7187504,100.0,False,7,11648.5781384,67.698
4427.398611111112,5354.515716478189,661.45527763986,295.0,100.0,False,7,11658.0,67.743
4430.273400829827,5342.0,636.0,295.17500032,100.0,False,7,11666.05001472,67.778
4443.843055555556,5286.500718083805,521.3369814575867,296.0,100.0,False,7,11704.0,67.943
4450.029936266753,5256.0,458.0,296.37500032,100.0,False,7,11722.56251584,68.018
4473.220702300624,5112.0,160.0,297.77500032,100.0,False,7,11791.86251584,68.298
4476.954166666667,5094.980113911348,124.85889845150164,298.0,100.0,False,7,11803.0,68.343
4490.243055555556,5056.877450678356,46.44300672544672,299.0,100.0,False,7,11792.0,68.503
4506.909722222223,5012.444761538563,-45.30188976777398,300.0,100.0,False,7,11830.0,68.703
4511.492455198479,4989.0,-94.0,300.0,100.0,False,7,11589.37472,68.758
4520.243055555556,4930.4857685890875,-215.72504595881801,300.0,100.0,False,7,11130.0,68.863
4529.845947139043,4866.0,-350.0,300.4107145142857,100.0,False,7,10916.017738057142,68.978
4543.654166666667,4813.163190118346,-460.1655571807179,301.0,100.0,False,8,10609.0,69.143
4563.364569855716,4764.0,-562.0,301.6545961618547,100.0,False,8,10584.125345849521,69.378
4573.770277777778,4717.476721842274,-657.6838726038787,302.0,100.0,False,8,10571.0,69.502
4578.468553034863,4698.0,-698.0,302.0,100.0,False,8,10571.0,69.558
4598.600896039289,4638.0,-824.0,302.0,100.0,False,8,10571.0,69.798
4600.614722222223,4630.556947836749,-839.2571074982404,302.0,100.0,False,8,10571.0,69.822
4610.34893390324,4586.0,-930.0,302.0,100.0,False,8,10539.825,69.938
4614.036944444444,4564.313134369116,-974.4840205646893,302.0,100.0,False,8,10528.0,69.982
4632.097367287182,4440.0,-1231.0,301.1,100.0,False,8,10534.3,70.198
4634.103611111111,4428.526261482735,-1254.6255961710035,301.0,100.0,False,8,10535.0,70.222
4664.203611111111,4312.654293607538,-1490.5125882475256,301.0,100.0,False,8,10523.0,70.582
4667.290289519928,4300.0,-1516.0,300.8458336,100.0,False,8,10517.9125088,70.619
4684.203611111112,4218.039364879851,-1680.6727533449714,300.0,100.0,False,8,10490.0,70.822
4700.620276482407,4144.0,-1829.0,300.0,100.0,False,8,10507.72999424,71.019
4700.870277777779,4143.104914743837,-1830.789485883677,300.0,100.0,False,8,10508.0,71.022
4714.203611111112,4105.46471010341,-1905.8390636140853,300.0,100.0,False,8,10467.0,71.182
4727.29503700655,4069.0,-1978.0,300.0,100.0,False,8,10464.196429714286,71.339
4737.536944444445,4028.4077022064207,-2058.084952573011,300.0,100.0,False,8,10462.0,71.462
4745.5946246227295,3986.0,-2141.0,299.3937504,100.0,False,8,10452.906256,71.559
4750.825833333333,3952.4109360114426,-2206.176451362917,299.0,100.0,False,8,10447.0,71.622
4760.5468962353825,3882.0,-2342.0,299.0,100.0,False,8,10433.350007466666,71.739
4770.759166666666,3806.6022639848156,-2486.4379446777193,299.0,100.0,False,8,10419.0,71.862
4783.7592127773905,3726.0,-2640.0,298.43928594285717,100.0,False,8,10430.214281142857,72.019
4793.936944444444,3691.4966043188897,-2705.380495090718,298.0,100.0,False,8,10439.0,72.142
4808.594050956764,3656.0,-2771.0,298.0,100.0,False,8,10424.987505066667,72.319
4813.803611111111,3636.0072073359697,-2807.588659565947,298.0,100.0,False,8,10420.0,72.382
4833.603611111111,3535.1342051765278,-2990.295138535046,297.0,100.0,False,8,10401.0,72.622
4835.006495910851,3528.0,-3003.0,297.0,100.0,False,8,10398.0250112,72.639
4846.8036111111105,3469.565811735374,-3105.637829609424,297.0,100.0,False,8,10373.0,72.782
4848.120450632747,3463.0,-3117.0,296.85,100.0,False,8,10362.7,72.798
4864.507039704079,3379.0,-3259.0,294.975,100.0,False,8,10233.95,72.998
4872.936944444445,3334.482320515323,-3330.9553497092206,294.0,100.0,False,8,10167.0,73.102
4891.782791594024,3230.0,-3488.0,289.28,100.0,False,8,9932.77,73.338
4904.714722222222,3152.309787229902,-3591.7471371254264,286.0,100.0,False,8,9770.0,73.502
4909.109227616688,3125.0,-3626.0,283.9130426486629,65.21737747771527,False,8,9733.826072576823,73.558
4917.236944444444,3072.8783172611124,-3688.4760390473143,280.0,0.0,True,8,9666.0,73.663
4922.852172263944,3035.0,-3731.0,275.7812464,0.15625013333333335,True,8,9906.4689552,73.738
4935.665493056584,2942.0,-3824.0,265.6562464,0.5312501333333334,True,8,10483.5939552,73.918
4949.288872873115,2834.0,-3912.0,254.4062464,0.9479168,True,8,11124.8439552,74.118
4950.9702777777775,2819.9583463688004,-3921.9012574251437,253.0,1.0,True,7,11205.0,74.143
4961.288313294746,2730.0,-3978.0,247.01136116363637,2.409091490909091,True,7,11335.340962909091,74.298
4971.752793474609,2635.0,-4026.0,240.82954298181818,3.8636369454545454,True,7,11469.886417454545,74.458
4979.8147222222215,2570.1241730864417,-4053.722049751342,236.0,5.0,True,6,11575.0,74.583
4985.876608871661,2521.0,-4071.0,233.6249984,7.3750016,True,6,11580.5416704,74.678
5002.514722222221,2364.3576975496558,-4108.185530470342,227.0,14.0,False,5,11596.0,74.943
5004.687184797364,2343.0,-4111.0,225.94999808,15.7500032,False,5,11554.34992384,74.978
5014.492164410552,2247.0,-4117.0,221.14999808,23.750003200000002,False,5,11363.94992384,75.138
5014.7925,2244.1470431576045,-4117.052321927766,221.0,24.0,False,5,11358.0,75.143
5026.570277777778,2134.5944800538896,-4111.8839003124895,212.0,65.0,False,5,11109.0,75.343
5030.992772496033,2082.0,-4102.0,212.31250026666666,69.06250346666667,False,5,11170.250052266667,75.418
5040.770277777778,1937.7494689261039,-4063.2348578502274,213.0,78.0,False,5,11305.0,75.583
5042.841943601596,1911.0,-4055.0,213.1093752,78.4375008,False,5,11316.5937712,75.618
5059.7925000000005,1790.2829514742264,-4003.587326025824,214.0,82.0,False,5,11411.0,75.903
5065.577917413956,1760.0,-3983.0,215.44325379413024,83.52815107613792,False,5,11341.808715163756,75.998
5131.595,1310.3523019215404,-3530.714764506083,231.0,100.0,False,6,10596.0,77.022
5133.943933030135,1298.0,-3512.0,231.9,100.0,False,6,10616.475,77.058
5142.039444444445,1258.8488851606958,-3446.822014959853,235.0,100.0,False,6,10687.0,77.182
5147.082551780036,1232.0,-3398.0,235.64166613333333,100.0,False,6,10739.937456,77.259
5157.839444444444,1161.7188337379228,-3264.4045498253663,237.0,100.0,False,6,10852.0,77.422
5161.64556572104,1139.0,-3221.0,238.2214272,100.0,False,6,10873.7821184,77.479
5176.7394444444435,1076.8002886760623,-3104.4754547832863,243.0,100.0,False,6,10959.0,77.702
5190.274074382216,1029.0,-3020.0,245.68636276363637,100.0,False,6,11082.572687127273,77.899
5199.989583561904,980.0,-2938.0,247.59545367272727,100.0,False,6,11170.390868945455,78.039
5207.172777777777,917.8497204995645,-2843.3545635413075,249.0,100.0,False,6,11235.0,78.142
5215.368303153658,841.0,-2730.0,250.2999992888889,100.0,False,6,11290.899969422222,78.259
5232.472777777777,752.497720172614,-2604.3374127679444,253.0,100.0,False,6,11407.0,78.502
5243.761666666666,720.4605676845849,-2563.6011871066876,254.0,100.0,False,6,11485.0,78.662
5252.072548334483,682.0,-2513.0,255.4624992,100.0,False,6,11507.6687376,78.779
5255.139444444444,664.6157319212223,-2489.8988377316073,256.0,100.0,False,6,11516.0,78.822
5260.647157448875,631.0,-2445.0,256.76999936,100.0,False,6,11546.41497472,78.899
5269.472777777778,578.2651535690486,-2374.0380922060576,258.0,100.0,False,6,11595.0,79.022
5276.438844583821,537.0,-2318.0,258.34642834285717,100.0,False,6,11624.792837485715,79.119
5289.617222222222,458.7850357020279,-2211.134428855165,259.0,100.0,False,6,11681.0,79.302
5290.773812395645,452.0,-2202.0,259.16,100.0,False,6,11683.96,79.318
5304.117222222221,374.693967658114,-2100.3084102977095,261.0,100.0,False,6,11718.0,79.502
5309.639765150585,342.0,-2058.0,261.27142857142854,100.0,False,6,11737.814285714287,79.578
5324.494999999999,251.0728886030395,-1941.0761526728213,262.0,100.0,False,6,11791.0,79.782
5325.662875184975,244.0,-1932.0,262.0725623688072,100.0,False,6,11792.088435532109,79.798
5328.584402226301,226.0,-1909.0,262.25396829082536,100.0,False,6,11794.80952436238,79.838
5352.049491805415,10.0,-1652.0,263.70521566697005,100.0,False,6,11816.578235004552,80.158
5356.834999999999,-26.411681477412237,-1609.8539542190917,264.0,100.0,False,6,11821.0,80.223
5380.301666666666,-150.9032320274309,-1469.882351113463,264.0,100.0,True,6,11812.0,80.543
5384.233085289778,-174.0,-1444.0,260.69999616,72.499968,True,6,11561.7497088,80.598
5394.301666666665,-241.658522689189,-1367.7981792585924,252.0,0.0,True,6,10902.0,80.743
5397.938966407316,-267.0,-1339.0,246.6964224,0.0,True,6,10612.6603776,80.798
5403.042917211662,-302.0,-1299.0,238.9821366857143,0.0,True,6,10191.803234742858,80.878
5411.801666666665,-361.7930447182128,-1231.815382367849,225.0,0.0,True,6,9429.0,81.023
5422.600302133659,-433.0,-1154.0,199.64999168,0.0,True,6,9519.67502976,81.218
5422.857222222221,-434.64399516250853,-1152.228484700383,199.0,0.0,True,6,9522.0,81.223
5431.151791752886,-494.0,-1092.0,180.04165973333335,0.0,True,6,9790.819542755555,81.398
5438.657465916904,-585.0,-1016.0,160.54165973333335,0.0,True,6,10067.319542755555,81.578
5438.857222222221,-587.2554480933857,-1014.2312473492935,160.0,0.0,True,6,10075.0,81.583
5449.434999999999,-665.0467348441564,-963.7531151329108,136.0,0.0,True,4,9934.0,81.863
5456.480867230452,-710.0,-947.0,130.14999808,0.0,True,4,11299.000448,82.058
5456.657222222221,-711.4304220194831,-946.4647556038099,130.0,0.0,True,3,11334.0,82.063
5461.9987768900055,-760.0,-929.0,125.57142674285714,0.5535716571428572,True,3,10924.356973714286,82.218
5466.14611111111,-796.6600530234804,-919.5179939164608,122.0,1.0,True,2,10594.0,82.343
5468.571808536361,-823.0,-916.0,119.8906232,1.7031256,True,2,10468.609268,82.418
5476.190555555554,-937.3806824506114,-913.812754338431,113.0,4.0,False,2,10059.0,82.663
5476.64375442572,-943.0,-914.0,112.76081905992615,4.683374114496712,False,2,10059.785880231671,82.678
5487.806381449899,-1016.0,-929.0,106.70159443074705,21.995444483579845,False,2,10079.694761156117,83.058
5489.116666666665,-1025.3196398831574,-932.1368338282101,106.0,24.0,False,2,10082.0,83.102
5493.2264440745785,-1065.0,-949.0,107.7,37.175,False,2,10281.75,83.238
5498.77046659467,-1149.0,-1001.0,109.95,54.6125,False,2,10546.125,83.418
5498.894444444442,-1150.542781423831,-1002.012995635408,110.0,55.0,False,2,10552.0,83.422
5507.683333333332,-1199.5184775033424,-1038.9673592960544,113.0,61.0,False,2,11135.0,83.702
5511.4591935188255,-1217.0,-1054.0,115.43749866666667,65.87499733333334,False,2,11290.999914666667,83.819
5515.549999999998,-1245.8146938706327,-1077.1104452028537,118.0,71.0,False,2,11455.0,83.942
5518.900240105183,-1278.0,-1099.0,120.42499839999999,58.605563733333334,False,2,10826.9254144,84.039
5528.144974378791,-1393.0,-1159.0,126.92499839999999,25.383341511111112,False,2,9143.4254144,84.299
5528.249999999999,-1394.0585150755994,-1159.4675043333446,127.0,25.0,False,3,9124.0,84.302
5535.138888888888,-1439.5673217163724,-1173.8713527692687,124.0,17.0,False,3,9056.0,84.502
5541.092511465012,-1476.0,-1173.0,121.34500096,26.73499648,False,3,8953.34003712,84.679
5541.86111111111,-1482.7130984197802,-1172.7850860192652,121.0,28.0,False,3,8940.0,84.702
5546.426355244067,-1529.0,-1170.0,120.31500032,37.58999552,False,3,8990.00497664,84.839
5548.527777777777,-1550.2747252225513,-1166.6715034493498,120.0,42.0,False,3,9013.0,84.902
5550.433473950798,-1569.0,-1163.0,120.23749973333334,44.61249706666667,False,3,9076.649928533334,84.959
5556.594444444444,-1626.5835335230495,-1149.4274896969405,121.0,53.0,False,3,9281.0,85.142
5559.217948224777,-1656.0,-1139.0,121.9624992,53.320833066666665,False,3,9320.783300266667,85.219
5564.861111111111,-1735.974623394864,-1103.0527634299565,124.0,54.0,False,3,9405.0,85.382
5570.463050514788,-1802.0,-1070.0,126.80357028571429,58.48571245714286,False,3,9663.489180342856,85.539
5574.894444444445,-1823.8789063736724,-1057.9984486417075,129.0,62.0,False,3,9866.0,85.662
5580.672222222222,-1837.9845022455816,-1046.3847188300945,130.0,64.0,False,3,10218.0,85.822
5581.297735789246,-1841.0,-1044.0,130.37777635555557,64.47222044444445,False,3,10251.999872,85.839
5589.613636043033,-1904.0,-991.0,135.24444444444444,70.55555555555556,False,3,10690.0,86.058
5594.472222222223,-1951.407560315944,-939.5496879072864,138.0,74.0,False,3,10938.0,86.182
5600.872222222222,-2013.5670808618308,-864.6315618245358,144.0,83.0,False,3,11289.0,86.342
5601.523285238977,-2019.0,-858.0,144.45714285714286,83.97142857142858,False,3,11271.8,86.358
5612.694444444444,-2087.6074688568233,-772.0270341835244,152.0,100.0,False,3,10988.0,86.622
5620.822080883633,-2121.0,-725.0,162.95435975551462,100.0,False,3,10738.970888224634,86.798
5623.8741666666665,-2132.3012506462774,-707.5535336140216,167.0,100.0,False,4,10647.0,86.863
5634.935816488581,-2172.0,-636.0,169.51785782857144,100.0,False,4,11037.267963428572,87.098
5637.096388888889,-2180.507878189061,-618.1850675957296,170.0,100.0,False,4,11112.0,87.143
5646.929722222222,-2221.1741777173625,-524.7097201300866,177.0,100.0,False,4,11479.0,87.343
5650.701959281325,-2235.0,-490.0,179.25000192,100.0,False,4,11593.75009792,87.418
5657.096388888889,-2255.171800876046,-434.719914247611,183.0,100.0,False,4,11785.0,87.543
5661.005344084875,-2267.0,-391.0,185.14285897142858,100.0,False,4,11406.51753417143,87.618
5671.951944444444,-2299.3525082198207,-221.74935220584155,191.0,100.0,False,4,10372.0,87.823
5673.855361036484,-2303.0,-201.0,191.78750144,100.0,False,4,10404.90006016,87.858
5688.277395420992,-2310.0,-124.0,197.63750144,100.0,False,4,10649.30006016,88.118
5694.174166666667,-2310.525136751234,-38.457846320135104,200.0,100.0,False,5,10748.0,88.223
5701.80679004903,-2310.0,91.0,203.3750016,100.0,False,5,10888.9063168,88.358
5703.240833333333,-2309.5741773953146,109.83298285651192,204.0,100.0,False,5,10915.0,88.383
5719.729722222222,-2297.444539450473,219.0807382407397,212.0,100.0,False,5,11295.0,88.663
5728.897593158287,-2283.0,278.0,212.9687504,100.0,False,5,11512.96884,88.818
5729.196388888889,-2282.4290052036026,280.4291823545037,213.0,100.0,False,5,11520.0,88.823
5738.5768699455175,-2260.0,370.0,216.8750016,100.0,False,5,11568.05001984,88.978
5741.3075,-2250.6128600167226,399.5093511209425,218.0,100.0,False,5,11582.0,89.023
5750.99638888889,-2207.861024046137,510.6040302206135,218.0,100.0,False,5,11592.0,89.183
5754.352298298955,-2193.0,545.0,218.7857152,100.0,False,5,11636.0000512,89.238
5764.215680852877,-2148.0,636.0,221.07142948571428,100.0,False,5,11764.0000512,89.398
5768.263055555555,-2122.4778106601543,680.6277423209524,222.0,100.0,False,5,11816.0,89.463
5778.244722222223,-2046.3788360951958,804.0133543341963,226.0,100.0,False,5,11816.0,89.622
5783.028279582588,-2021.0,844.0,226.475,100.0,False,5,11698.2,89.698
5788.333611111111,-2005.2021393278,868.0838428174668,227.0,100.0,False,5,11568.0,89.782
5799.5666890819975,-1976.0,907.0,229.64,100.0,False,5,10611.44,89.958
5801.111388888889,-1966.2981019625029,920.3216945010954,230.0,100.0,False,6,10481.0,89.982
5817.747193558693,-1810.0,1137.0,233.65714285714284,100.0,False,6,10552.314285714287,90.238
5819.311388888889,-1798.2008949265523,1153.2900189591198,234.0,100.0,False,6,10559.0,90.262
5832.366944444445,-1737.027982280506,1236.6322439934222,235.0,100.0,False,6,10664.0,90.462
5834.930243679404,-1732.8280703800883,1241.9817275390624,235.58500096,100.0,False,6,10681.16002816,90.501
